[
  {
    "model": "online_trading_platform.product",
    "pk": 1,
    "fields": {
      "name": "iPhone 13 Pro",
      "model": "A2645",
      "release_date": "2021-09-14"
    }
  },
  {
    "model": "online_trading_platform.product",
    "pk": 2,
    "fields": {
      "name": "Samsung Galaxy S21 Ultra",
      "model": "SM-G998B",
      "release_date": "2021-01-29"
    }
  },
  {
    "model": "online_trading_platform.product",
    "pk": 3,
    "fields": {
      "name": "Google Pixel 6 Pro",
      "model": "GP61",
      "release_date": "2021-10-28"
    }
  },
  {
    "model": "online_trading_platform.product",
    "pk": 4,
    "fields": {
      "name": "OnePlus 9 Pro",
      "model": "LE2110",
      "release_date": "2021-03-23"
    }
  },
  {
    "model": "online_trading_platform.product",
    "pk": 5,
    "fields": {
      "name": "Xiaomi Mi 11 Ultra",
      "model": "M2102K1G",
      "release_date": "2021-04-16"
    }
  },
  {
    "model": "online_trading_platform.contact",
    "pk": 1,
    "fields": {
      "email": "vharmon@gmail.com",
      "country": "Bouvet Island (Bouvetoya)",
      "city": "Lake Eric",
      "street": "Kent Junctions",
      "house_number": 1058
    }
  },
  {
    "model": "online_trading_platform.contact",
    "pk": 2,
    "fields": {
      "email": "carolynweber@yahoo.com",
      "country": "Belgium",
      "city": "Matthewberg",
      "street": "Derek Ridges",
      "house_number": 473
    }
  },
  {
    "model": "online_trading_platform.contact",
    "pk": 3,
    "fields": {
      "email": "marie91@yahoo.com",
      "country": "Portugal",
      "city": "New Craig",
      "street": "Luis Hill",
      "house_number": 1452
    }
  },
  {
    "model": "online_trading_platform.contact",
    "pk": 4,
    "fields": {
      "email": "norma31@yahoo.com",
      "country": "Qatar",
      "city": "Port Stephentown",
      "street": "Lester Vista",
      "house_number": 8859
    }
  },
  {
    "model": "online_trading_platform.contact",
    "pk": 5,
    "fields": {
      "email": "patricia45@gmail.com",
      "country": "Kyrgyz Republic",
      "city": "Terryborough",
      "street": "Alex Summit",
      "house_number": 3786
    }
  },
  {
    "model": "online_trading_platform.contact",
    "pk": 6,
    "fields": {
      "email": "carmen82@hotmail.com",
      "country": "Sierra Leone",
      "city": "Port Christopherport",
      "street": "Amanda Spring",
      "house_number": 7318
    }
  },
  {
    "model": "online_trading_platform.contact",
    "pk": 7,
    "fields": {
      "email": "jeremyday@hotmail.com",
      "country": "Iran",
      "city": "Guzmanburgh",
      "street": "Danny Shores",
      "house_number": 4366
    }
  },
  {
    "model": "online_trading_platform.contact",
    "pk": 8,
    "fields": {
      "email": "valdezkevin@gmail.com",
      "country": "Cameroon",
      "city": "New Anneburgh",
      "street": "Reyes View",
      "house_number": 2159
    }
  },
  {
    "model": "online_trading_platform.contact",
    "pk": 9,
    "fields": {
      "email": "craigchristian@gmail.com",
      "country": "Saint Kitts and Nevis",
      "city": "Lake James",
      "street": "Charles Loop",
      "house_number": 176
    }
  },
  {
    "model": "online_trading_platform.contact",
    "pk": 10,
    "fields": {
      "email": "david23@hotmail.com",
      "country": "North Macedonia",
      "city": "Leonardshire",
      "street": "Morrison Island",
      "house_number": 6902
    }
  },
  {
    "model": "online_trading_platform.contact",
    "pk": 11,
    "fields": {
      "email": "lisa31@hotmail.com",
      "country": "Taiwan",
      "city": "North Kellyburgh",
      "street": "Natalie Points",
      "house_number": 9513
    }
  },
  {
    "model": "online_trading_platform.contact",
    "pk": 12,
    "fields": {
      "email": "russellmichael@gmail.com",
      "country": "Grenada",
      "city": "South Stephenland",
      "street": "Benjamin Shoal",
      "house_number": 7624
    }
  },
  {
    "model": "online_trading_platform.contact",
    "pk": 13,
    "fields": {
      "email": "diane71@gmail.com",
      "country": "Trinidad and Tobago",
      "city": "East Lindamouth",
      "street": "Debra Lane",
      "house_number": 4642
    }
  },
  {
    "model": "online_trading_platform.contact",
    "pk": 14,
    "fields": {
      "email": "griffindevin@yahoo.com",
      "country": "Nigeria",
      "city": "New Sarah",
      "street": "Marcus Center",
      "house_number": 2857
    }
  },
  {
    "model": "online_trading_platform.contact",
    "pk": 15,
    "fields": {
      "email": "alison37@gmail.com",
      "country": "Christmas Island",
      "city": "Zacharyfort",
      "street": "Ryan Greens",
      "house_number": 3573
    }
  },
  {
    "model": "online_trading_platform.contact",
    "pk": 16,
    "fields": {
      "email": "bmorales@gmail.com",
      "country": "Aruba",
      "city": "Alexanderstad",
      "street": "Sean Alley",
      "house_number": 4622
    }
  },
  {
    "model": "online_trading_platform.contact",
    "pk": 17,
    "fields": {
      "email": "amarsh@gmail.com",
      "country": "Jersey",
      "city": "West Courtney",
      "street": "Wheeler Station",
      "house_number": 100
    }
  },
  {
    "model": "online_trading_platform.contact",
    "pk": 18,
    "fields": {
      "email": "michellebarnes@hotmail.com",
      "country": "Portugal",
      "city": "South Susan",
      "street": "Randall Pass",
      "house_number": 9469
    }
  },
  {
    "model": "online_trading_platform.contact",
    "pk": 19,
    "fields": {
      "email": "berrygail@hotmail.com",
      "country": "Morocco",
      "city": "New Heather",
      "street": "Jonathan Walks",
      "house_number": 8878
    }
  },
  {
    "model": "online_trading_platform.contact",
    "pk": 20,
    "fields": {
      "email": "alex87@gmail.com",
      "country": "Sao Tome and Principe",
      "city": "West Peter",
      "street": "Michael Springs",
      "house_number": 8059
    }
  },
  {
    "model": "online_trading_platform.contact",
    "pk": 21,
    "fields": {
      "email": "sierraphillips@hotmail.com",
      "country": "Northern Mariana Islands",
      "city": "Port Donnaland",
      "street": "Stephen Views",
      "house_number": 1646
    }
  },
  {
    "model": "online_trading_platform.merchant",
    "pk": 1,
    "fields": {
      "name": "Mcguire-Rogers",
      "contacts": 1,
      "products": [
        2
      ],
      "supplier": null,
      "debt_to_supplier": 540,
      "created_at": null,
      "type": 2
    }
  },
  {
    "model": "online_trading_platform.merchant",
    "pk": 2,
    "fields": {
      "name": "Brown-Patterson",
      "contacts": 2,
      "products": [
        2
      ],
      "supplier": null,
      "debt_to_supplier": 523,
      "created_at": null,
      "type": 0
    }
  },
  {
    "model": "online_trading_platform.merchant",
    "pk": 3,
    "fields": {
      "name": "Middleton Ltd",
      "contacts": 3,
      "products": [
        5
      ],
      "supplier": null,
      "debt_to_supplier": 478,
      "created_at": null,
      "type": 0
    }
  },
  {
    "model": "online_trading_platform.merchant",
    "pk": 4,
    "fields": {
      "name": "Mitchell-Williams",
      "contacts": 4,
      "products": [
        5
      ],
      "supplier": 3,
      "debt_to_supplier": 298,
      "created_at": null,
      "type": 3
    }
  },
  {
    "model": "online_trading_platform.merchant",
    "pk": 5,
    "fields": {
      "name": "Wright Ltd",
      "contacts": 5,
      "products": [
        4
      ],
      "supplier": 3,
      "debt_to_supplier": 797,
      "created_at": null,
      "type": 3
    }
  },
  {
    "model": "online_trading_platform.merchant",
    "pk": 6,
    "fields": {
      "name": "Williams Group",
      "contacts": 6,
      "products": [
        5
      ],
      "supplier": 5,
      "debt_to_supplier": 419,
      "created_at": null,
      "type": 4
    }
  },
  {
    "model": "online_trading_platform.merchant",
    "pk": 7,
    "fields": {
      "name": "Patton and Sons",
      "contacts": 7,
      "products": [
        1
      ],
      "supplier": 5,
      "debt_to_supplier": 78,
      "created_at": null,
      "type": 4
    }
  },
  {
    "model": "online_trading_platform.merchant",
    "pk": 8,
    "fields": {
      "name": "Brown, Smith and Smith",
      "contacts": 8,
      "products": [
        2
      ],
      "supplier": 9,
      "debt_to_supplier": 594,
      "created_at": null,
      "type": 2
    }
  },
  {
    "model": "online_trading_platform.merchant",
    "pk": 9,
    "fields": {
      "name": "Hernandez, Mullins and Tucker",
      "contacts": 9,
      "products": [
        1
      ],
      "supplier": null,
      "debt_to_supplier": 405,
      "created_at": null,
      "type": 1
    }
  },
  {
    "model": "online_trading_platform.merchant",
    "pk": 10,
    "fields": {
      "name": "Pollard LLC",
      "contacts": 10,
      "products": [
        4
      ],
      "supplier": 9,
      "debt_to_supplier": 538,
      "created_at": null,
      "type": 3
    }
  },
  {
    "model": "online_trading_platform.merchant",
    "pk": 11,
    "fields": {
      "name": "Malone, Stewart and Mitchell",
      "contacts": 11,
      "products": [
        5
      ],
      "supplier": 10,
      "debt_to_supplier": 497,
      "created_at": null,
      "type": 4
    }
  },
  {
    "model": "online_trading_platform.merchant",
    "pk": 12,
    "fields": {
      "name": "Edwards, Ballard and Kramer",
      "contacts": 12,
      "products": [
        4
      ],
      "supplier": null,
      "debt_to_supplier": 752,
      "created_at": null,
      "type": 2
    }
  },
  {
    "model": "online_trading_platform.merchant",
    "pk": 13,
    "fields": {
      "name": "Potts LLC",
      "contacts": 13,
      "products": [
        3
      ],
      "supplier": 12,
      "debt_to_supplier": 206,
      "created_at": null,
      "type": 3
    }
  },
  {
    "model": "online_trading_platform.merchant",
    "pk": 14,
    "fields": {
      "name": "Richard Ltd",
      "contacts": 14,
      "products": [
        1
      ],
      "supplier": null,
      "debt_to_supplier": 136,
      "created_at": null,
      "type": 0
    }
  },
  {
    "model": "online_trading_platform.merchant",
    "pk": 15,
    "fields": {
      "name": "Meyer, Adams and Parks",
      "contacts": 15,
      "products": [
        1
      ],
      "supplier": 14,
      "debt_to_supplier": 155,
      "created_at": null,
      "type": 3
    }
  },
  {
    "model": "online_trading_platform.merchant",
    "pk": 16,
    "fields": {
      "name": "Bernard, Zimmerman and Bates",
      "contacts": 16,
      "products": [
        3
      ],
      "supplier": 17,
      "debt_to_supplier": 817,
      "created_at": null,
      "type": 1
    }
  },
  {
    "model": "online_trading_platform.merchant",
    "pk": 17,
    "fields": {
      "name": "Parker-David",
      "contacts": 17,
      "products": [
        3
      ],
      "supplier": null,
      "debt_to_supplier": 254,
      "created_at": null,
      "type": 0
    }
  },
  {
    "model": "online_trading_platform.merchant",
    "pk": 18,
    "fields": {
      "name": "Crane Ltd",
      "contacts": 18,
      "products": [
        2
      ],
      "supplier": 17,
      "debt_to_supplier": 791,
      "created_at": null,
      "type": 2
    }
  },
  {
    "model": "online_trading_platform.merchant",
    "pk": 19,
    "fields": {
      "name": "Hensley PLC",
      "contacts": 19,
      "products": [
        2
      ],
      "supplier": 17,
      "debt_to_supplier": 819,
      "created_at": null,
      "type": 2
    }
  },
  {
    "model": "online_trading_platform.merchant",
    "pk": 20,
    "fields": {
      "name": "Harrison-Hodges",
      "contacts": 20,
      "products": [
        3
      ],
      "supplier": 17,
      "debt_to_supplier": 70,
      "created_at": null,
      "type": 2
    }
  },
  {
    "model": "online_trading_platform.merchant",
    "pk": 21,
    "fields": {
      "name": "Cruz, Sellers and Murray",
      "contacts": 21,
      "products": [
        4
      ],
      "supplier": 20,
      "debt_to_supplier": 952,
      "created_at": null,
      "type": 4
    }
  },
  {
    "model": "online_trading_platform.employee",
    "pk": 1,
    "fields": {
      "username": "Gregory Vasquez",
      "password": "pbkdf2_sha256$720000$gHwCllZ6ZGAXvk52u9T7Kn$gDxzrGvnSm3Flg9LTXqRZbXvI0ZsPvCgpvZ4uVbelf4=",
      "merchant": 9
    }
  },
  {
    "model": "online_trading_platform.employee",
    "pk": 2,
    "fields": {
      "username": "Emily Vazquez",
      "password": "pbkdf2_sha256$720000$EONVQfNYUAiPThaokakAps$aceCI+NT1oz9yNJi13vNt87Q4JilWQdur0UFdEUNej4=",
      "merchant": 4
    }
  },
  {
    "model": "online_trading_platform.employee",
    "pk": 3,
    "fields": {
      "username": "Rebecca Weiss",
      "password": "pbkdf2_sha256$720000$bc2Wnz1bQTQJmaBW4Xe8xn$jmU9P0slwp5iAo1YxdERYi1TYo2PUYo1XbArYG3dEMk=",
      "merchant": 9
    }
  },
  {
    "model": "online_trading_platform.employee",
    "pk": 4,
    "fields": {
      "username": "Billy Ryan",
      "password": "pbkdf2_sha256$720000$2R0e5fFy5E8z30ZYkB8p8V$6IfwLAbWb5cAI8Hcmrqbc5owdUHxxadvJuhcUAN8ghA=",
      "merchant": 10
    }
  },
  {
    "model": "online_trading_platform.employee",
    "pk": 5,
    "fields": {
      "username": "Eric Johnson",
      "password": "pbkdf2_sha256$720000$Dmp8Qg3TyYTgyZr51T8x4H$uoozr3exHE4tq4eJq+oGtYCFTTKgFV2sVrxMDr6cUKo=",
      "merchant": 9
    }
  },
  {
    "model": "online_trading_platform.employee",
    "pk": 6,
    "fields": {
      "username": "Diana Parrish",
      "password": "pbkdf2_sha256$720000$N4YAXxh60gD35AJnovAIX7$cPSSNJy05jf/uHZ9k0s3mfGjE6qzhik9M6OlfVIy2RI=",
      "merchant": 17
    }
  },
  {
    "model": "online_trading_platform.employee",
    "pk": 7,
    "fields": {
      "username": "Eileen Colon",
      "password": "pbkdf2_sha256$720000$16dKYgQBgYMKCbEw06PMEv$GNYCpS4RV6LLrBLlQF43zfIHewMjrwhNqx6hr6twcB8=",
      "merchant": 3
    }
  },
  {
    "model": "online_trading_platform.employee",
    "pk": 8,
    "fields": {
      "username": "Joshua Simmons",
      "password": "pbkdf2_sha256$720000$HF3bx7AHQUvM4DZx6f3i6N$7dR6GVYnpKlX76etgcxIWEl2cf4j9PwQkqF3IMVEfO4=",
      "merchant": 9
    }
  },
  {
    "model": "online_trading_platform.employee",
    "pk": 9,
    "fields": {
      "username": "Brandon Knapp",
      "password": "pbkdf2_sha256$720000$g92DqZbUZpzNFy6GsJY723$rcjH+vWCiS8ihKlKjT3PvTO0A2GDvqs3sO9x70fyUxk=",
      "merchant": 17
    }
  },
  {
    "model": "online_trading_platform.employee",
    "pk": 10,
    "fields": {
      "username": "Jenna Hicks",
      "password": "pbkdf2_sha256$720000$9uzfxv540kssO1NStWY8nE$ab6Z0I+jdKfwQlRFFu/lvQMnU2AF80P1WHjTzskOb3I=",
      "merchant": 4
    }
  },
  {
    "model": "online_trading_platform.employee",
    "pk": 11,
    "fields": {
      "username": "Margaret Stokes",
      "password": "pbkdf2_sha256$720000$hFtL4O1qzeUMjKgAjQvF8R$F2LKJoJ/UABhhTS+JHgAZsgeZL9YuY0AyOKxHQo45jA=",
      "merchant": 18
    }
  },
  {
    "model": "online_trading_platform.employee",
    "pk": 12,
    "fields": {
      "username": "James Cook",
      "password": "pbkdf2_sha256$720000$yfFd1lLTGUC2CdUAAwbJgk$khWZNjszikluVhlMBsZfPtDPy9oUU2rpAONz40mRVIw=",
      "merchant": 6
    }
  },
  {
    "model": "online_trading_platform.employee",
    "pk": 13,
    "fields": {
      "username": "David Greene",
      "password": "pbkdf2_sha256$720000$9KaauX3vznnsxqm00JyLon$b+tP1BFwtnBh1xL8IuNoenvcko1qN+iYsZ80lwWThs4=",
      "merchant": 9
    }
  },
  {
    "model": "online_trading_platform.employee",
    "pk": 14,
    "fields": {
      "username": "Kimberly Morris",
      "password": "pbkdf2_sha256$720000$S1VqsziByw15sYq0F0Xs5y$+cupIBi+e5xPttPxz7scKQBusbvDxVPNM86u/+dHNgI=",
      "merchant": 14
    }
  },
  {
    "model": "online_trading_platform.employee",
    "pk": 15,
    "fields": {
      "username": "Juan Ramirez",
      "password": "pbkdf2_sha256$720000$5Erb3luGmjlQ98IhUL7uFd$HxYY9tIOZ1DLW9qlCc51wXz9jC+pmTEJxHROH2fgWdo=",
      "merchant": 15
    }
  },
  {
    "model": "online_trading_platform.employee",
    "pk": 16,
    "fields": {
      "username": "Brittany Kim",
      "password": "pbkdf2_sha256$720000$W2x0tTx5PO5X1Ysxy5fnXw$44DvuusffCvqZi6XmCOvodygcR7srsdnx3fTKtlaeJk=",
      "merchant": 17
    }
  },
  {
    "model": "online_trading_platform.employee",
    "pk": 17,
    "fields": {
      "username": "Alexander Salas",
      "password": "pbkdf2_sha256$720000$PE8GphRevKCoq4CMLpbwpY$r5uXBZgHwjf4lSJbEGUKwtgvTXhy6wVVBKxygTGSO3I=",
      "merchant": 6
    }
  },
  {
    "model": "online_trading_platform.employee",
    "pk": 18,
    "fields": {
      "username": "Cody Smith",
      "password": "pbkdf2_sha256$720000$6HZsAzgho23KHuuSpwaApF$ZMWp6Do3lObS+B+Qi1Z99JQP3SZgo+He+CWH5lOGokU=",
      "merchant": 13
    }
  },
  {
    "model": "online_trading_platform.employee",
    "pk": 19,
    "fields": {
      "username": "Jessica Sharp",
      "password": "pbkdf2_sha256$720000$F5ngLpQE2wzRbKdSYyXBDi$H7KGcBCtir1lGf9hcYUbmkRlGbzM47v15SNx/xmO/MQ=",
      "merchant": 19
    }
  },
  {
    "model": "online_trading_platform.employee",
    "pk": 20,
    "fields": {
      "username": "Charlotte Nichols",
      "password": "pbkdf2_sha256$720000$Ip9LyRTpLLu1meeJaoTnpF$qYDahKKjxyrL/0TsavoeJJGWCbElqbQxr5hbmH/6n2s=",
      "merchant": 7
    }
  },
  {
    "model": "online_trading_platform.employee",
    "pk": 21,
    "fields": {
      "username": "Ryan Rodriguez",
      "password": "pbkdf2_sha256$720000$txUOUHP6jHorx0TUClZwpR$oMGbhhACK+ZGsjQltJGji92BWmLEvL06C7uBiUAPyP8=",
      "merchant": 17
    }
  }
]